product_number,product_name,price_gbp,quantity
00001,Asscream,1.99,10
00002,Jumbo Size Asscream,2.99,15
00003,Limited Edition Asscream,1.50,9
00004,Asscream 4 Pack,5.90,500
00005,Asscream Sport,4.99,20
00006,Asscream FOR KIDS!,69.99,2
00007,Asscream Lite,2.29,25
00008,Asscream ProGlide,1.15,2000
00010,Asscream Mini,1.10,20
00011,Asscream For Women,21.49,0
00001,Asscream Classic,1.99,101
00002,King Size Asscream,2.99,200
00003,Limited Edition Asscream,1.50,202
00004,Asscream 8 Pack,10.00,100
00005,Asscream NitroSport,4.99,50
00006,Asscream : Babies & Toddlers,6.99,20
00007,Asscream Portable,2.29,20
00008,Asscream ProGlide v2,1.15,200
00010,Asscream Mini Plus,1.10,1200
00011,Asscream For Men,21.49,1
00021,Asscream Pride Edition,69.69,69
00022,Asscream,1.99,100
00023,Jumbo Size Asscream,2.99,100
00024,Limited Edition Asscream,1.5,100
00025,Asscream 4 Pack,1.0,100
00026,Asscream Sport,4.99,100
00027,Asscream FOR KIDS!,6.99,100
00028,Asscream Lite,2.29,100
00029,Asscream ProGlide,1.15,100
00030,Asscream Luxe,31.1,100
00031,Asscream Mini,1.1,100
00032,Asscream Nano,6.09,609
00033,Ass[1]Cream,6.09,609
00034,Ass[2]Cream,6.09,609
00035,Ass[3]Cream,6.09,609
00036,Ass[4]Cream,6.09,609
00037,Ass[5]Cream,6.09,609
00038,Ass[6]Cream,6.09,609
00039,Ass[7]Cream,6.09,609
00040,Ass[8]Cream,6.09,609
00041,Ass[9]Cream,6.09,609
00042,Ass[10]Cream,6.09,609
00043,Ass[11]Cream,6.09,609
00044,Ass[12]Cream,6.09,609
00045,Ass[13]Cream,6.09,609
00046,Ass[14]Cream,6.09,609
00047,Ass[15]Cream,6.09,609
00048,Ass[16]Cream,6.09,609
00049,Ass[17]Cream,6.09,609
00050,Ass[18]Cream,6.09,609
00051,Ass[19]Cream,6.09,609
00052,Ass[20]Cream,6.09,609
00053,Ass[21]Cream,6.09,609
00054,Ass[22]Cream,6.09,609
00055,Ass[23]Cream,6.09,609
00056,Ass[24]Cream,6.09,609
00057,Asscream,1.99,100
00058,Jumbo Size Asscream,2.99,100
00059,Limited Edition Asscream,1.5,100
00060,Asscream 4 Pack,1.0,100
00061,Asscream Sport,4.99,100
00062,Asscream FOR KIDS!,6.99,100
00063,Asscream Lite,2.29,100
00064,Asscream ProGlide,1.15,100
00065,Asscream Luxe,31.1,100
00066,Asscream Mini,1.1,100
00067,Asscream,1.99,100
00068,Jumbo Size Asscream,2.99,100
00069,Limited Edition Asscream,1.5,100
00070,Asscream 4 Pack,1.0,100
00071,Asscream Sport,4.99,100
00072,Asscream FOR KIDS!,6.99,100
00073,Asscream Lite,2.29,100
00074,Asscream ProGlide,1.15,100
00075,Asscream Luxe,31.1,100
00076,Asscream Mini,1.1,100
00077,Asscream,1.99,100
00078,Jumbo Size Asscream,2.99,100
00079,Limited Edition Asscream,1.5,100
00080,Asscream 4 Pack,1.0,100
00081,Asscream Sport,4.99,100
00082,Asscream FOR KIDS!,6.99,100
00083,Asscream Lite,2.29,100
00084,Asscream ProGlide,1.15,100
00085,Asscream Luxe,31.1,100
00086,Asscream Mini,1.1,100
00087,Asscream,1.99,100
00088,Jumbo Size Asscream,2.99,100
00089,Limited Edition Asscream,1.5,100
00090,Asscream 4 Pack,1.0,100
00091,Asscream Sport,4.99,100
00092,Asscream FOR KIDS!,6.99,100
00093,Asscream Lite,2.29,100
00094,Asscream ProGlide,1.15,100
00095,Asscream Luxe,31.1,100
00096,Asscream Mini,1.1,100
00097,Ass[0]Cream,6.09,609
00098,Ass[1]Cream,6.09,609
00099,Ass[2]Cream,6.09,609
00100,Ass[3]Cream,6.09,609
00101,Ass[4]Cream,6.09,609
00102,Ass[5]Cream,6.09,609
00103,Ass[6]Cream,6.09,609
00104,Ass[7]Cream,6.09,609
00105,Ass[8]Cream,6.09,609
00106,Ass[9]Cream,6.09,609
00107,Ass[10]Cream,6.09,609
00108,Ass[11]Cream,6.09,609
00109,Ass[12]Cream,6.09,609
00110,Ass[13]Cream,6.09,609
00111,Ass[14]Cream,6.09,609
00112,Ass[15]Cream,6.09,609
00113,Ass[16]Cream,6.09,609
00114,Ass[17]Cream,6.09,609
00115,Ass[18]Cream,6.09,609
00116,Ass[19]Cream,6.09,609
00117,Ass[20]Cream,6.09,609
00118,Ass[21]Cream,6.09,609
00119,Ass[22]Cream,6.09,609
00120,Ass[23]Cream,6.09,609
00121,Ass[24]Cream,6.09,609
00122,Ass[25]Cream,6.09,609
00123,Ass[26]Cream,6.09,609
00124,Ass[27]Cream,6.09,609
00125,Ass[28]Cream,6.09,609
00126,Ass[29]Cream,6.09,609
00127,Ass[30]Cream,6.09,609
00128,Ass[31]Cream,6.09,609
00129,Ass[32]Cream,6.09,609
00130,Ass[33]Cream,6.09,609
00131,Ass[34]Cream,6.09,609
00132,Ass[35]Cream,6.09,609
00133,Ass[36]Cream,6.09,609
00134,Ass[37]Cream,6.09,609
00135,Ass[38]Cream,6.09,609
00136,Ass[39]Cream,6.09,609
00137,Ass[40]Cream,6.09,609
00138,Ass[41]Cream,6.09,609
00139,Ass[42]Cream,6.09,609
00140,Ass[43]Cream,6.09,609
00141,Ass[44]Cream,6.09,609
00142,Ass[45]Cream,6.09,609
00143,Ass[46]Cream,6.09,609
00144,Ass[47]Cream,6.09,609
00145,Ass[48]Cream,6.09,609
00146,Ass[49]Cream,6.09,609
00147,Ass[50]Cream,6.09,609
00148,Ass[51]Cream,6.09,609
00149,Ass[52]Cream,6.09,609
00150,Ass[53]Cream,6.09,609
00151,Ass[54]Cream,6.09,609
00152,Ass[55]Cream,6.09,609
00153,Ass[56]Cream,6.09,609
00154,Ass[57]Cream,6.09,609
00155,Ass[58]Cream,6.09,609
00156,Ass[59]Cream,6.09,609
00157,Ass[60]Cream,6.09,609
00158,Ass[61]Cream,6.09,609
00159,Ass[62]Cream,6.09,609
00160,Ass[63]Cream,6.09,609
00161,Ass[64]Cream,6.09,609
00162,Ass[65]Cream,6.09,609
00163,Ass[66]Cream,6.09,609
00164,Ass[67]Cream,6.09,609
00165,Ass[68]Cream,6.09,609
00166,Ass[69]Cream,6.09,609
00167,Ass[70]Cream,6.09,609
00168,Ass[71]Cream,6.09,609
00169,Ass[72]Cream,6.09,609
00170,Ass[73]Cream,6.09,609
00171,Ass[74]Cream,6.09,609
00172,Ass[75]Cream,6.09,609
00173,Ass[76]Cream,6.09,609
00174,Ass[77]Cream,6.09,609
00175,Ass[78]Cream,6.09,609
00176,Ass[79]Cream,6.09,609
00177,Ass[80]Cream,6.09,609
00178,Ass[81]Cream,6.09,609
00179,Ass[82]Cream,6.09,609
00180,Ass[83]Cream,6.09,609
00181,Ass[84]Cream,6.09,609
00182,Ass[85]Cream,6.09,609
00183,Ass[86]Cream,6.09,609
00184,Ass[87]Cream,6.09,609
00185,Ass[88]Cream,6.09,609
00186,Ass[89]Cream,6.09,609
00187,Ass[90]Cream,6.09,609
00188,Ass[91]Cream,6.09,609
00189,Ass[92]Cream,6.09,609
00190,Ass[93]Cream,6.09,609
00191,Ass[94]Cream,6.09,609
00192,Ass[95]Cream,6.09,609
00193,Ass[96]Cream,6.09,609
00194,Ass[97]Cream,6.09,609
00195,Ass[98]Cream,6.09,609
00196,Ass[99]Cream,6.09,609
